{
  "dev": {
    "awscloudformation": {
      "AuthRoleName": "amplify-flightbooking-dev-190610-authRole",
      "UnauthRoleArn": "arn:aws:iam::107451015969:role/amplify-flightbooking-dev-190610-unauthRole",
      "AuthRoleArn": "arn:aws:iam::107451015969:role/amplify-flightbooking-dev-190610-authRole",
      "Region": "ap-south-1",
      "DeploymentBucketName": "amplify-flightbooking-dev-190610-deployment",
      "UnauthRoleName": "amplify-flightbooking-dev-190610-unauthRole",
      "StackName": "amplify-flightbooking-dev-190610",
      "StackId": "arn:aws:cloudformation:ap-south-1:107451015969:stack/amplify-flightbooking-dev-190610/882e1d40-c8b6-11ed-9ad4-0a1041e41e28",
      "AmplifyAppId": "d2brb39q6stq65"
    },
    "categories": {
      "api": {
        "flightbooking": {}
      },
      "auth": {
        "flightbookinga56114ff": {}
      }
    }
  }
}