{
  "bookings": [
    {
      "id": 1,
      "movieName": "Updated Movie 1",
      "movieBookingDate": "2022-01-01",
      "noOfTickets": 3,
      "totalAmount": 450
    },
    {
      "id": 2,
      "movieName": "Movie 2",
      "movieBookingDate": "13-12-2023",
      "noOfTickets": 3,
      "totalAmount": 300
    },
    {
      "id": 3,
      "movieName": "Movie 3",
      "movieBookingDate": "14-12-2023",
      "noOfTickets": 4,
      "totalAmount": 400
    },
    {
      "id": 4,
      "movieName": "Movie 4",
      "movieBookingDate": "15-12-2023",
      "noOfTickets": 4,
      "totalAmount": 400
    },
    {
      "id": 6,
      "movieName": "Movie 6",
      "movieBookingDate": "2023-02-01",
      "noOfTickets": 3,
      "totalAmount": 450
    }
  ]
}