{
  "providers": {
    "awscloudformation": {
      "AuthRoleName": "amplify-internalassessment2-dev-02623-authRole",
      "UnauthRoleArn": "arn:aws:iam::107451015969:role/amplify-internalassessment2-dev-02623-unauthRole",
      "AuthRoleArn": "arn:aws:iam::107451015969:role/amplify-internalassessment2-dev-02623-authRole",
      "Region": "ap-south-1",
      "DeploymentBucketName": "amplify-internalassessment2-dev-02623-deployment",
      "UnauthRoleName": "amplify-internalassessment2-dev-02623-unauthRole",
      "StackName": "amplify-internalassessment2-dev-02623",
      "StackId": "arn:aws:cloudformation:ap-south-1:107451015969:stack/amplify-internalassessment2-dev-02623/40637b60-c42c-11ed-8e07-02c606e65fd6",
      "AmplifyAppId": "d2ngglb2gh55e9"
    }
  },
  "api": {
    "internalassessment2": {
      "service": "AppSync",
      "providerPlugin": "awscloudformation",
      "dependsOn": [],
      "output": {
        "authConfig": {
          "defaultAuthentication": {
            "authenticationType": "API_KEY",
            "apiKeyConfig": {
              "apiKeyExpirationDays": 7
            }
          },
          "additionalAuthenticationProviders": []
        },
        "GraphQLAPIIdOutput": "udz3um7fszgrnclsdklx5xuz44",
        "GraphQLAPIEndpointOutput": "https://k7eis4rw5vc3fmaghevk4hyyhy.appsync-api.ap-south-1.amazonaws.com/graphql",
        "GraphQLAPIKeyOutput": "da2-aeh2cmqh4jfdda53qsfylhx5di"
      },
      "providerMetadata": {
        "s3TemplateURL": "https://s3.amazonaws.com/amplify-internalassessment2-dev-02623-deployment/amplify-cfn-templates/api/cloudformation-template.json",
        "logicalId": "apiinternalassessment2"
      },
      "lastPushTimeStamp": "2023-03-17T16:36:15.887Z",
      "lastPushDirHash": "0WTkm0F6mltN+DaxN1qPzevAN6Q="
    }
  },
  "auth": {
    "internalassessment2894c8ea9": {
      "service": "Cognito",
      "providerPlugin": "awscloudformation",
      "dependsOn": [],
      "customAuth": false,
      "frontendAuthConfig": {
        "socialProviders": [],
        "usernameAttributes": [
          "EMAIL"
        ],
        "signupAttributes": [
          "EMAIL"
        ],
        "passwordProtectionSettings": {
          "passwordPolicyMinLength": 8,
          "passwordPolicyCharacters": []
        },
        "mfaConfiguration": "OFF",
        "mfaTypes": [
          "SMS"
        ],
        "verificationMechanisms": [
          "EMAIL"
        ]
      },
      "providerMetadata": {
        "s3TemplateURL": "https://s3.amazonaws.com/amplify-internalassessment2-dev-02623-deployment/amplify-cfn-templates/auth/internalassessment2894c8ea9-cloudformation-template.json",
        "logicalId": "authinternalassessment2894c8ea9"
      },
      "lastPushTimeStamp": "2023-03-17T16:36:10.069Z",
      "output": {
        "UserPoolId": "ap-south-1_ye2UxDwWK",
        "AppClientIDWeb": "3svsv4m8tidvap98o2r2jf39br",
        "AppClientID": "2i463o8tmmcb7drdhgc5cqgdmb",
        "IdentityPoolId": "ap-south-1:39e3b3b8-1531-4a26-9528-e78b584f5265",
        "UserPoolArn": "arn:aws:cognito-idp:ap-south-1:107451015969:userpool/ap-south-1_ye2UxDwWK",
        "IdentityPoolName": "internalassessment2894c8ea9_identitypool_894c8ea9__dev",
        "UserPoolName": "internalassessment2894c8ea9_userpool_894c8ea9"
      },
      "lastPushDirHash": "ovpYC9ZzM841rKma7ZIhSu5ljGw="
    }
  }
}