{
  "dev": {
    "awscloudformation": {
      "AuthRoleName": "amplify-internalassessment2-dev-02623-authRole",
      "UnauthRoleArn": "arn:aws:iam::107451015969:role/amplify-internalassessment2-dev-02623-unauthRole",
      "AuthRoleArn": "arn:aws:iam::107451015969:role/amplify-internalassessment2-dev-02623-authRole",
      "Region": "ap-south-1",
      "DeploymentBucketName": "amplify-internalassessment2-dev-02623-deployment",
      "UnauthRoleName": "amplify-internalassessment2-dev-02623-unauthRole",
      "StackName": "amplify-internalassessment2-dev-02623",
      "StackId": "arn:aws:cloudformation:ap-south-1:107451015969:stack/amplify-internalassessment2-dev-02623/40637b60-c42c-11ed-8e07-02c606e65fd6",
      "AmplifyAppId": "d2ngglb2gh55e9"
    },
    "categories": {
      "api": {
        "internalassessment2": {}
      },
      "auth": {
        "internalassessment2894c8ea9": {}
      }
    }
  }
}