{
  "providers": {
    "awscloudformation": {
      "AuthRoleName": "amplify-flightbooking-dev-190610-authRole",
      "UnauthRoleArn": "arn:aws:iam::107451015969:role/amplify-flightbooking-dev-190610-unauthRole",
      "AuthRoleArn": "arn:aws:iam::107451015969:role/amplify-flightbooking-dev-190610-authRole",
      "Region": "ap-south-1",
      "DeploymentBucketName": "amplify-flightbooking-dev-190610-deployment",
      "UnauthRoleName": "amplify-flightbooking-dev-190610-unauthRole",
      "StackName": "amplify-flightbooking-dev-190610",
      "StackId": "arn:aws:cloudformation:ap-south-1:107451015969:stack/amplify-flightbooking-dev-190610/882e1d40-c8b6-11ed-9ad4-0a1041e41e28",
      "AmplifyAppId": "d2brb39q6stq65"
    }
  },
  "api": {
    "flightbooking": {
      "service": "AppSync",
      "providerPlugin": "awscloudformation",
      "dependsOn": [],
      "output": {
        "authConfig": {
          "defaultAuthentication": {
            "authenticationType": "API_KEY",
            "apiKeyConfig": {
              "apiKeyExpirationDays": 7,
              "apiKeyExpirationDate": "2023-03-30T11:18:10.076Z",
              "description": ""
            }
          },
          "additionalAuthenticationProviders": []
        },
        "GraphQLAPIIdOutput": "c6akyb6yjna7ziruzf3a7bdidq",
        "GraphQLAPIEndpointOutput": "https://qkgmjggguzgzxlqhx6frpv4yii.appsync-api.ap-south-1.amazonaws.com/graphql",
        "GraphQLAPIKeyOutput": "da2-2rcfzyf32vbf3c3t2avi2iggyi"
      },
      "providerMetadata": {
        "s3TemplateURL": "https://s3.amazonaws.com/amplify-flightbooking-dev-190610-deployment/amplify-cfn-templates/api/cloudformation-template.json",
        "logicalId": "apiflightbooking"
      },
      "lastPushTimeStamp": "2023-03-23T11:35:40.371Z",
      "lastPushDirHash": "avax0bw6Wq/cDFCtou428Qi4KwE="
    }
  },
  "auth": {
    "flightbookinga56114ff": {
      "service": "Cognito",
      "providerPlugin": "awscloudformation",
      "dependsOn": [],
      "customAuth": false,
      "frontendAuthConfig": {
        "socialProviders": [],
        "usernameAttributes": [
          "EMAIL"
        ],
        "signupAttributes": [
          "EMAIL"
        ],
        "passwordProtectionSettings": {
          "passwordPolicyMinLength": 8,
          "passwordPolicyCharacters": []
        },
        "mfaConfiguration": "OFF",
        "mfaTypes": [
          "SMS"
        ],
        "verificationMechanisms": [
          "EMAIL"
        ]
      },
      "providerMetadata": {
        "s3TemplateURL": "https://s3.amazonaws.com/amplify-flightbooking-dev-190610-deployment/amplify-cfn-templates/auth/flightbookinga56114ff-cloudformation-template.json",
        "logicalId": "authflightbookinga56114ff"
      },
      "lastPushTimeStamp": "2023-03-23T11:35:36.745Z",
      "output": {
        "UserPoolId": "ap-south-1_R7qRLWy4t",
        "AppClientIDWeb": "67a9cj5o93nl873l0li8d7lpp0",
        "AppClientID": "6o4huptvaubg37avuna72838dc",
        "IdentityPoolId": "ap-south-1:bfde8d1e-7208-4d54-b1c3-a33e47ee5b29",
        "UserPoolArn": "arn:aws:cognito-idp:ap-south-1:107451015969:userpool/ap-south-1_R7qRLWy4t",
        "IdentityPoolName": "flightbookinga56114ff_identitypool_a56114ff__dev",
        "UserPoolName": "flightbookinga56114ff_userpool_a56114ff"
      },
      "lastPushDirHash": "xmK2ExbLTHi7t4RZGiOcfybyA4M="
    }
  }
}